,url
0,/movie/time-2020/
1,/movie/dick-johnson-is-dead/
2,/movie/hamilton-2020/
3,/movie/ma-raineys-black-bottom/
4,/movie/crip-camp-a-disability-revolution/
5,/movie/athlete-a/
6,/movie/black-is-king/
7,/movie/the-reason-i-jump/
8,/movie/the-disciple/
9,/movie/soul/
10,/movie/da-5-bloods/
11,/movie/my-octopus-teacher/
12,/movie/the-forty-year-old-version/
13,/movie/disclosure-2020/
14,/movie/mank/
15,/movie/lost-bullet/
16,/movie/im-thinking-of-ending-things/
17,/movie/the-social-dilemma/
18,/movie/and-tomorrow-the-entire-world/
19,/movie/a-secret-love/
20,/movie/phineas-and-ferb-the-movie-candace-against-the-universe/
21,/movie/rising-phoenix/
22,/movie/mucho-mucho-amor/
23,/movie/vampires-vs-the-bronx/
24,/movie/the-trial-of-the-chicago-7/
25,/movie/father-soldier-son/
26,/movie/the-half-of-it/
27,/movie/his-house/
28,/movie/definition-please/
29,/movie/tragic-jungle/
30,/movie/the-boys-in-the-band/
31,/movie/the-old-guard/
32,/movie/jingle-jangle-a-christmas-journey/
33,/movie/the-willoughbys/
34,/movie/enola-holmes/
35,/movie/concrete-cowboy/
36,/movie/worth/
37,/movie/cuties/
38,/movie/american-murder-the-family-next-door/
39,/movie/the-old-ways/
40,/movie/lost-girls/
41,/movie/blackpink-light-up-the-sky/
42,/movie/mulan-2020/
43,/movie/the-life-ahead/
44,/movie/i-care-a-lot/
45,/movie/audrey-2020/
46,/movie/becoming/
47,/movie/pieces-of-a-woman/
48,/movie/tigertail/
49,/movie/miss-americana/
50,/movie/critical-thinking/
51,/movie/nobody-knows-im-here/
52,/movie/all-together-now-2020/
53,/movie/funny-boy/
54,/movie/uncorked/
55,/movie/elephant-2020/
56,/movie/onward/
57,/movie/the-hater/
58,/movie/horse-girl/
59,/movie/all-the-bright-places/
60,/movie/over-the-moon/
61,/movie/all-day-and-a-night/
62,/movie/murder-to-mercy-the-cyntoia-brown-story/
63,/movie/night-in-paradise/
64,/movie/the-lovebirds/
65,/movie/the-midnight-sky/
66,/movie/work-it/
67,/movie/extraction-2020/
68,/movie/summerland/
69,/movie/safety/
70,/movie/the-devil-all-the-time/
71,/movie/the-prom/
72,/movie/clouds-2020/
73,/movie/the-devil-all-the-time/
74,/movie/penguin-bloom/
75,/movie/to-all-the-boys-ps-i-still-love-you/
76,/movie/hubie-halloween/
77,/movie/bruised/
78,/movie/the-main-event/
79,/movie/dolly-partons-christmas-on-the-square/
80,/movie/the-christmas-chronicles-2/
81,/movie/project-power/
82,/movie/dangerous-lies/
83,/movie/we-can-be-heroes/
84,/movie/fatima-2020/
85,/movie/eurovision-song-contest-the-story-of-fire-saga/
86,/movie/godmothered/
87,/movie/spenser-confidential/
88,/movie/the-call-of-the-wild/
89,/movie/operation-christmas-drop/
90,/movie/rebecca/
91,/movie/the-sleepover/
92,/movie/holidate/
93,/movie/have-a-good-trip-adventures-in-psychedelics/
94,/movie/the-new-mutants/
95,/movie/love-wedding-repeat/
96,/movie/desperados/
97,/movie/rising-high/
98,/movie/shawn-mendes-in-wonder/
99,/movie/the-kissing-booth-2/
100,/movie/love-guaranteed/
101,/movie/ava-2020/
102,/movie/hillbilly-elegy/
103,/movie/the-last-thing-he-wanted/
104,/movie/coffee-kareem/
105,/movie/secret-society-of-second-born-royals/
106,/movie/fatal-affair/
107,/movie/a-fall-from-grace/
108,/movie/the-wrong-missy/
109,/movie/a-babysitters-guide-to-monster-hunting/
110,/movie/inheritance-2020/
111,/movie/survive-the-night/
112,/movie/the-babysitter-killer-queen/
113,/movie/the-last-days-of-american-crime/
114,/movie/after-we-collided/
115,/movie/choked-paisa-bolta-hai/
116,/movie/fearless-2020/
117,/movie/guest-house/
118,/movie/berlin-berlin/
119,/movie/ghost-stories-2019/
120,/movie/ainu-mosir/
121,/movie/18-presents/
122,/movie/the-claus-family/
123,/movie/hard-kill/
124,/movie/fearless-2020/
125,/movie/guest-house/
126,/movie/berlin-berlin/
127,/movie/la-originals/
128,/movie/what-we-wanted/
129,/movie/angelas-christmas-wish/
130,/movie/magic-camp-2018/
131,/movie/ghost-stories-2019/
132,/movie/kiss-the-ground/
133,/movie/ak-vs-ak/
134,/movie/dad-wanted/
135,/movie/malang/
136,/movie/a-california-christmas/
137,/movie/a-whisker-away/
138,/movie/ultras/
139,/movie/american-pie-presents-girls-rules/
140,/movie/pokemon-the-movie-secrets-of-the-jungle/
141,/movie/feel-the-beat/
142,/movie/bheeshma/
143,/movie/isi-ossi/
144,/movie/the-call-2020/
145,/movie/the-princess-switch-switched-again/
146,/movie/dance-of-the-41/
147,/movie/christmas-crossfire/
148,/movie/the-forgotten-battle/
149,/movie/the-swarm-2020/
150,/movie/the-occupant/
151,/movie/dance-dreams-hot-chocolate-nutcracker/
152,/movie/asphalt-burning/
153,/movie/the-crimes-that-bind/
154,/movie/the-call-2020-1/
155,/movie/rose-island/
156,/movie/the-strange-house/
157,/movie/the-stronghold/
158,/movie/rich-in-love-ricos-de-amor/
159,/movie/summer-of-soul-or-when-the-revolution-could-not-be-televised/
160,/movie/cousins-2021/
161,/movie/procession/
162,/movie/the-power-of-the-dog/
163,/movie/the-lost-daughter/
164,/movie/passing/
165,/movie/west-side-story-2020/
166,/movie/the-rescue-2021/
167,/movie/prayers-for-the-stolen/
168,/movie/found-2021/
169,/movie/the-mitchells-vs-the-machines/
170,/movie/costa-brava-lebanon/
171,/movie/7-prisoners/
172,/movie/torn-2021/
173,/movie/playing-with-sharks/
174,/movie/the-phantom/
175,/movie/who-we-are-a-chronicle-of-racism-in-america/
176,/movie/the-summit-of-the-gods/
177,/movie/rita-moreno-just-a-girl-who-decided-to-go-for-it/
178,/movie/a-cop-movie/
179,/movie/the-hand-of-god/
180,/movie/pray-away/
181,/movie/the-white-tiger/
182,/movie/fever-dream/
183,/movie/encanto-2021/
184,/movie/becoming-cousteau/
185,/movie/raya-and-the-last-dragon/
186,/movie/tick-tickboom!/
187,/movie/the-dig/
188,/movie/sisters-on-track/
189,/movie/luca/
190,/movie/shang-chi-and-the-legend-of-the-ten-rings/
191,/movie/hallelujah-leonard-cohen-a-journey-a-song/
192,/movie/lady-boss-the-jackie-collins-story/
193,/movie/fauci/
194,/movie/operation-varsity-blues-the-college-admissions-scandal/
195,/movie/blood-brothers-malcolm-x-muhammad-ali/
196,/movie/finding-ohana/
197,/movie/the-harder-they-fall/
198,/movie/14-peaks-nothing-is-impossible/
199,/movie/fear-street-part-three-1666/
200,/movie/black-widow/
201,/movie/the-witcher-nightmare-of-the-wolf/
202,/movie/fear-street-part-one-1994/
203,/movie/oxygen/
204,/movie/vivo/
205,/movie/to-all-the-boys-always-and-forever/
206,/movie/nightbooks/
207,/movie/nightbooks/
208,/movie/rons-gone-wrong/
209,/movie/coming-home-in-the-dark/
210,/movie/ride-or-die/
211,/movie/space-sweepers/
212,/movie/convergence-courage-in-a-crisis/
213,/movie/stowaway/
214,/movie/the-guilty-2021/
215,/movie/biggie-i-got-a-story-to-tell/
216,/movie/free-guy/
217,/movie/fear-street-part-two-1978/
218,/movie/a-boy-called-christmas/
219,/movie/bad-trip/
220,/movie/pele/
221,/movie/cruella/
222,/movie/wish-dragon/
223,/movie/back-to-the-outback/
224,/movie/army-of-the-dead/
225,/movie/last-letter-from-your-lover/
226,/movie/bob-ross-happy-accidents-betrayal-greed/
227,/movie/good-on-paper/
228,/movie/moxie/
229,/movie/a-castle-for-christmas/
230,/movie/the-mauritanian/
231,/movie/shook/
232,/movie/munich-the-edge-of-war/
233,/movie/fatherhood/
234,/movie/malcolm-marie/
235,/movie/beckett/
236,/movie/eternals/
237,/movie/the-colony-2021/
238,/movie/jungle-cruise/
239,/movie/the-vault-2021/
240,/movie/diary-of-a-wimpy-kid-2021/
241,/movie/things-heard-seen/
242,/movie/sing-2/
243,/movie/dont-look-up/
244,/movie/army-of-thieves/
245,/movie/single-all-the-way/
246,/movie/the-god-committee/
247,/movie/blue-miracle/
248,/movie/the-last-mercenary/
249,/movie/gunpowder-milkshake/
250,/movie/kate/
251,/movie/resort-to-love/
252,/movie/sweet-girl/
253,/movie/yes-day/
254,/movie/outside-the-wire/
255,/movie/theres-someone-inside-your-house/
256,/movie/the-seventh-day/
257,/movie/blood-red-sky/
258,/movie/no-one-gets-out-alive/
259,/movie/love-hard/
260,/movie/night-teeth/
261,/movie/the-ice-road/
262,/movie/attack-on-finland/
263,/movie/britney-vs-spears/
264,/movie/the-unforgivable/
265,/movie/the-woman-in-the-window/
266,/movie/intrusion/
267,/movie/america-the-motion-picture/
268,/movie/red-notice/
269,/movie/the-kissing-booth-3/
270,/movie/hes-all-that/
271,/movie/zone-414/
272,/movie/awake-2021/
273,/movie/home-sweet-home-alone/
274,/movie/thunder-force/
275,/movie/a-week-away/
276,/movie/hypnotic-2021/
277,/movie/the-starling/
278,/movie/diana-the-musical/
279,/movie/vanquish/
280,/movie/cosmic-sin/
281,/movie/arlo-the-alligator-boy/
282,/movie/sooryavanshi/
283,/movie/my-brother-my-sister/
284,/movie/live-is-life/
285,/movie/double-dad/
286,/movie/the-house-of-flowers-the-movie/
287,/movie/escape-the-undertaker/
288,/movie/lego-star-wars-terrifying-tales/
289,/movie/shaun-the-sheep-the-flight-before-christmas/
290,/movie/anonymously-yours/
291,/movie/i-am-all-girls/
292,/movie/confessions-of-an-invisible-girl/
293,/movie/the-four-of-us/
294,/movie/last-summer/
295,/movie/forever-rich/
296,/movie/soulmates/
297,/movie/after-we-fell/
298,/movie/anne+/
299,/movie/happier-than-ever-a-love-letter-to-los-angeles/
300,/movie/je-suis-karl/
301,/movie/ghost-lab/
302,/movie/this-is-not-a-comedy/
303,/movie/new-gods-nezha-reborn/
304,/movie/in-for-a-murder/
305,/movie/plaza-catedral/
306,/movie/carnaval/
307,/movie/the-claus-family-2/
308,/movie/mixtape/
309,/movie/just-say-yes/
310,/movie/a-naija-christmas/
311,/movie/bankrolled/
312,/movie/the-guide-to-the-perfect-family/
313,/movie/ghost-in-the-shell-sac_2045---sustainable-war/
314,/movie/skater-girl/
315,/movie/seaspiracy/
316,/movie/nail-bomber-manhunt/
317,/movie/seal-team/
318,/movie/crack-cocaine-corruption-conspiracy/
319,/movie/major-grom-plague-doctor/
320,/movie/bright-samurai-soul/
321,/movie/jagame-thandhiram/
322,/movie/the-trip-2021/
323,/movie/strip-down-rise-up/
324,/movie/baggio-the-divine-ponytail/
325,/movie/the-wasteland/
326,/movie/dancing-queens/
327,/movie/the-last-paradiso/
328,/movie/below-zero-bajocero/
329,/movie/prey-2021/
330,/movie/black-island/
331,/movie/schumacher/
332,/movie/83/
333,/movie/my-best-friend-anne-frank/
334,/movie/afterlife-of-the-party/
335,/movie/tribhanga/
336,/movie/madame-claude/
337,/movie/riverdance-the-animated-adventure/
338,/movie/long-story-short/
339,/movie/hilda-and-the-mountain-king/
340,/movie/trollhunters-rise-of-the-titans/
341,/movie/father-christmas-is-back/
342,/movie/last-man-down/
343,/movie/audible/
344,/movie/sentinelle/
345,/movie/jj+e/
346,/movie/operation-hyacinth/
347,/movie/xtreme/
348,/movie/ferry/
349,/movie/stuck-together/
350,/movie/friendzone/
351,/movie/dancing-queens/
352,/movie/the-last-paradiso/
353,/movie/father-christmas-is-back/
354,/movie/last-man-down/
355,/movie/seal-team/
356,/movie/operation-hyacinth/
357,/movie/xtreme/
358,/movie/the-trip-2021/
359,/movie/my-best-friend-anne-frank/
360,/movie/squared-love/
361,/movie/bright-samurai-soul/
362,/movie/spoiled-brats/
363,/movie/photocopier/
364,/movie/descendant/
365,/movie/to-leslie/
366,/movie/is-that-black-enough-for-you/
367,/movie/rrr/
368,/movie/turning-red-2022/
369,/movie/the-territory/
370,/movie/fire-of-love/
371,/movie/soft-quiet/
372,/movie/glass-onion-a-knives-out-mystery/
373,/movie/living/
374,/movie/guillermo-del-toros-pinocchio/
375,/movie/apollo-10-12-a-space-age-childhood/
376,/movie/sr/
377,/movie/the-woman-king/
378,/movie/the-pez-outlaw/
379,/movie/all-quiet-on-the-western-front-2022/
380,/movie/retrograde/
381,/movie/stutz/
382,/movie/the-redeem-team/
383,/movie/emily-the-criminal/
384,/movie/my-fathers-dragon/
385,/movie/rise/
386,/movie/the-sea-beast/
387,/movie/the-stranger-2022/
388,/movie/athena/
389,/movie/facing-nolan/
390,/movie/roald-dahls-matilda-the-musical/
391,/movie/bobi-wine-the-peoples-president/
392,/movie/the-wonder/
393,/movie/brother-2023/
394,/movie/wendell-wild/
395,/movie/downfall-the-case-against-boeing/
396,/movie/hustle-2022/
397,/movie/black-panther-wakanda-forever/
398,/movie/lady-chatterleys-lover/
399,/movie/avatar-the-way-of-water/
400,/movie/holy-spider/
401,/movie/chip-n-dale-rescue-rangers/
402,/movie/mickey-the-story-of-a-mouse/
403,/movie/olivia-rodrigo-driving-home-2-u-a-sour-film/
404,/movie/white-noise-2022/
405,/movie/do-revenge/
406,/movie/strange-world/
407,/movie/the-good-nurse/
408,/movie/civil/
409,/movie/enola-holmes-2/
410,/movie/furies/
411,/movie/the-anthrax-attacks/
412,/movie/the-noel-diary/
413,/movie/halftime/
414,/movie/a-jazzmans-blues/
415,/movie/troll-2022/
416,/movie/not-okay/
417,/movie/the-swimmers/
418,/movie/if-these-walls-could-sing/
419,/movie/rise-of-the-teenage-mutant-ninja-turtles-the-movie/
420,/movie/doctor-strange-in-the-multiverse-of-madness/
421,/movie/lightyear-2022/
422,/movie/metal-lords/
423,/movie/drifting-home/
424,/movie/13-the-musical/
425,/movie/the-munsters/
426,/movie/wedding-season/
427,/movie/brahmastra-part-one-shiva/
428,/movie/thor-love-and-thunder/
429,/movie/i-came-by/
430,/movie/return-to-space/
431,/movie/minions-the-rise-of-gru/
432,/movie/the-pale-blue-eye/
433,/movie/bubble-2022/
434,/movie/hocus-pocus-2/
435,/movie/along-for-the-ride-2022/
436,/movie/mr-harrigans-phone/
437,/movie/bardo-false-chronicle-of-a-handful-of-truths/
438,/movie/the-adam-project/
439,/movie/a-perfect-pairing/
440,/movie/along-for-the-ride-2022/
441,/movie/black-crab/
442,/movie/luckiest-girl-alive/
443,/movie/spiderhead/
444,/movie/hello-goodbye-and-everything-in-between/
445,/movie/donkeyhead/
446,/movie/windfall-2022/
447,/movie/the-weekend-away/
448,/movie/lyle-lyle-crocodile/
449,/movie/umma/
450,/movie/whitney-houston-i-wanna-dance-with-somebody/
451,/movie/day-shift/
452,/movie/interceptor/
453,/movie/lou/
454,/movie/a-man-called-otto/
455,/movie/blonde/
456,/movie/love-in-the-villa/
457,/movie/disenchanted/
458,/movie/look-both-ways-2022/
459,/movie/against-the-ice/
460,/movie/the-gray-man/
461,/movie/bullet-train/
462,/movie/white-hot-the-rise-fall-of-abercrombie-fitch/
463,/movie/senior-year/
464,/movie/scrooge-a-christmas-carol/
465,/movie/laal-singh-chaddha/
466,/movie/bigbug/
467,/movie/in-her-hands/
468,/movie/our-father-2022/
469,/movie/the-son-2022/
470,/movie/uncharted/
471,/movie/the-invitation-2022/
472,/movie/fistful-of-vengeance/
473,/movie/end-of-the-road/
474,/movie/where-the-crawdads-sing/
475,/movie/choose-or-die/
476,/movie/beauty/
477,/movie/tyler-perrys-a-madea-homecoming/
478,/movie/persuasion/
479,/movie/father-stu/
480,/movie/falling-for-christmas/
481,/movie/slumberland/
482,/movie/christmas-with-you/
483,/movie/the-mystery-of-marilyn-monroe-the-unheard-tapes/
484,/movie/the-curse-of-bridge-hollow/
485,/movie/pinocchio-2022-1/
486,/movie/the-royal-treatment/
487,/movie/tall-girl-2/
488,/movie/morbius/
489,/movie/texas-chainsaw-massacre/
490,/movie/the-man-from-toronto/
491,/movie/the-bubble-2022/
492,/movie/the-ice-age-adventures-of-buck-wild/
493,/movie/purple-hearts/
494,/movie/the-school-for-good-and-evil/
495,/movie/me-time/
496,/movie/home-team/
497,/movie/adam-by-eve-a-live-in-animation/
498,/movie/love-like-the-falling-petals/
499,/movie/all-hail/
500,/movie/shania-twain-not-just-a-girl/
501,/movie/wild-is-the-wind/
502,/movie/still-time/
503,/movie/partners-in-crime/
504,/movie/the-wrath-of-god/
505,/movie/seoul-vibe/
506,/movie/the-big-4/
507,/movie/les-liaisons-dangereuses/
508,/movie/adam-by-eve-a-live-in-animation/
509,/movie/neon-lights/
510,/movie/dont-blame-karma!/
511,/movie/restless-2022/
512,/movie/in-good-hands/
513,/movie/the-biggest-little-farm-the-return/
514,/movie/the-seven-deadly-sins-grudge-of-edinburgh-part-1/
515,/movie/for-jojo/
516,/movie/wild-is-the-wind/
517,/movie/silverton-siege/
518,/movie/chickenhare-and-the-hamster-of-darkness/
519,/movie/stay-on-board-the-leo-baker-story/
520,/movie/running-with-the-devil-the-wild-world-of-john-mcafee/
521,/movie/under-the-amalfi-sun/
522,/movie/sneakerella/
523,/movie/borrego/
524,/movie/polar-bear/
525,/movie/shania-twain-not-just-a-girl/
526,/movie/stromboli/
527,/movie/still-time/
528,/movie/partners-in-crime/
529,/movie/the-wrath-of-god/
530,/movie/seoul-vibe/
531,/movie/the-big-4/
532,/movie/mishan-impossible/
533,/movie/diary-of-a-wimpy-kid-rodrick-rules/
534,/movie/night-at-the-museum-kahmunrah-rises-again/
535,/movie/surviving-paradise-a-family-tale/
536,/movie/after-ever-happy/
537,/movie/the-invisible-thread/
538,/movie/rescued-by-ruby/
539,/movie/lost-bullet-2/
540,/movie/the-volcano-rescue-from-whakaari/
541,/movie/trust-no-one-the-hunt-for-the-crypto-king/
542,/movie/love-and-leashes/
543,/movie/love-gelato/
544,/movie/love-tactics/
545,/movie/major/
546,/movie/the-takeover/
547,/movie/idina-menzel-which-way-to-the-stage/
548,/movie/the-pirates-the-last-royal-treasure/
549,/movie/beast-1969/
550,/movie/marmaduke-2022/
551,/movie/the-tinder-swindler/
552,/movie/the-next-365-days/
553,/movie/anek/
554,/movie/the-privilege/
555,/movie/carter/
556,/movie/under-her-control/
557,/movie/darlings/
558,/movie/capturing-the-killer-nurse/
559,/movie/kiss-kiss!/
560,/movie/zombies-3/
561,/movie/jersey/
562,/movie/a-cowgirls-song/
563,/movie/dancing-on-glass/
564,/movie/girl-in-the-picture/
565,/movie/thar/
566,/movie/the-chalk-line/
567,/movie/split-at-the-root/
568,/movie/without-saying-goodbye/
569,/movie/through-my-window/
570,/movie/i-used-to-be-famous/
571,/movie/yaksha-ruthless-operations/
572,/movie/blasted/
573,/movie/brazen-2022/
574,/movie/chang-can-dunk/
575,/movie/nimona/
576,/movie/they-cloned-tyrone/
577,/movie/fair-play-2023/
578,/movie/wham!/
579,/movie/el-conde/
580,/movie/you-are-so-not-invited-to-my-bat-mitzvah!/
581,/movie/the-deepest-breath/
582,/movie/victimsuspect/
583,/movie/kill-boksoon/
584,/movie/lewis-capaldi-how-im-feeling-now/
585,/movie/pamela-a-love-story/
586,/movie/crater/
587,/movie/take-care-of-maya/
588,/movie/mighty-morphin-power-rangers-once-always/
589,/movie/peter-pan-wendy/
590,/movie/bank-of-dave/
591,/movie/the-little-mermaid-2023/
592,/movie/the-monkey-king/
593,/movie/worlds-best/
594,/movie/flamin-hot/
595,/movie/the-strays/
596,/movie/extraction-2/
597,/movie/the-perfect-find/
598,/movie/spy-kids-armageddon/
599,/movie/love-at-first-sight/
600,/movie/the-magicians-elephant/
601,/movie/anna-nicole-smith-you-dont-know-me/
602,/movie/we-have-a-ghost/
603,/movie/luther-the-fallen-sun/
604,/movie/jung_e/
605,/movie/run-rabbit-run/
606,/movie/reptile/
607,/movie/true-spirit/
608,/movie/you-people/
609,/movie/a-tourists-guide-to-love/
610,/movie/your-place-or-mine/
611,/movie/ant-man-and-the-wasp-quantumania/
612,/movie/chupa/
613,/movie/the-last-kingdom-seven-kings-must-die/
614,/movie/happiness-for-beginners/
615,/movie/haunted-mansion/
616,/movie/bird-box-barcelona/
617,/movie/the-mother-2023/
618,/movie/heart-of-stone/
619,/movie/murder-mystery-2/
620,/movie/dog-gone/
621,/movie/the-out-laws/
622,/movie/longest-third-date/
623,/movie/bono-the-edge-a-sort-of-homecoming-with-dave-letterman/
624,/movie/hard-feelings/
625,/movie/miraculous-ladybug-cat-noir-the-movie/
626,/movie/the-slumber-party/
627,/movie/suga-road-to-d-day/
628,/movie/river-wild/
629,/movie/unknown-the-lost-pyramid/
630,/movie/the-hatchet-wielding-hitchhiker/
631,/movie/oh-belinda/
632,/movie/aka-2023/
633,/movie/prom-pact/
634,/movie/hidden-strike/
635,/movie/untold-hall-of-shame/
636,/movie/chokehold-2023/
637,/movie/phenomena-2023/
638,/movie/one-more-time-2023/
639,/movie/unlocked-2023/
640,/movie/through-my-window-across-the-sea/
641,/movie/paradise-2023/
642,/movie/shehzada/
643,/movie/love-tactics-2/
644,/movie/tu-jhoothi-main-makkaar/
645,/movie/noise-2023-1/
646,/movie/unlocked-2023/
647,/movie/hidden-strike/
648,/movie/river-wild/
649,/movie/chokehold-2023/
650,/movie/aka-2023/
